Frequency,Inductance,Permeability
423.10290226331267,14.149733311768431,ferromagnetique
3888.175248823316,0.16755160819145568,paramagnetique
24590.97945634721,0.004188790204786391,Non permeable
5796.14944320073,0.07539822368615505,paramagnetique
3174.6817967120487,0.25132741228718347,paramagnetique
24590.97945634721,0.004188790204786391,Non permeable
2960.406040066983,0.28902652413026103,paramagnetique
27874.851605672164,0.0032599814974900894,diamagnetique
26292.972594783234,0.003664045733674752,diamagnetique
664.6210663877625,5.734453790352569,ferromagnetique
395.90839913229513,16.1603526100659,ferromagnetique
24590.97945634721,0.004188790204786391,Non permeable
26286.62537436331,0.0036658154027250753,diamagnetique
31715.28357008424,0.0025182744871382347,diamagnetique
3625.7421148087215,0.192684349420174,paramagnetique
24590.97945634721,0.004188790204786391,Non permeable
3707.2296401837048,0.18430676901060122,paramagnetique
25497.789581713183,0.0038961457742826937,diamagnetique
3026.9403259239184,0.2764601535159018,paramagnetique
5019.612661942861,0.1005309649148734,paramagnetique
2898.074721600365,0.3015928947446202,paramagnetique
24590.97945634721,0.004188790204786391,Non permeable
2042.1696890258152,0.6073745796940268,ferromagnetique
24590.97945634721,0.004188790204786391,Non permeable
2820.7787992869016,0.3183480555637657,paramagnetique
24590.97945634721,0.004188790204786391,Non permeable
24639.888536860057,0.0041721775851080575,diamagnetique
428.91968162277914,13.768553403132868,ferromagnetique
4566.43024625133,0.12147491593880537,paramagnetique
25382.709822543966,0.003931554438021602,diamagnetique
2699.210662447629,0.34766958699727046,paramagnetique
26455.553368976776,0.00361914983172381,diamagnetique
2715.619389039622,0.3434807967924841,paramagnetique
24590.97945634721,0.004188790204786391,Non permeable
25776.053952906255,0.0038124784634888777,diamagnetique
24590.97945634721,0.004188790204786391,Non permeable
24590.97945634721,0.004188790204786391,Non permeable
3937.7081406037037,0.16336281798666927,paramagnetique
24590.97945634721,0.004188790204786391,Non permeable
554.0420326293358,8.251916703429192,ferromagnetique
24590.97945634721,0.004188790204786391,Non permeable
24590.97945634721,0.004188790204786391,Non permeable
24590.97945634721,0.004188790204786391,Non permeable
25870.59552357562,0.0037846647156745458,diamagnetique
3750.089210171401,0.18011797880581484,paramagnetique
2960.406040066983,0.28902652413026103,paramagnetique
24590.97945634721,0.004188790204786391,Non permeable
24590.97945634721,0.004188790204786391,Non permeable
25904.865782053712,0.0037746576655433386,diamagnetique
30202.153365340535,0.0027769268913637236,diamagnetique
431.08911066565855,13.63032332637492,ferromagnetique
24590.97945634721,0.004188790204786391,Non permeable
24590.97945634721,0.004188790204786391,Non permeable
24590.97945634721,0.004188790204786391,Non permeable
24590.97945634721,0.004188790204786391,Non permeable
26606.878149939857,0.0035780995707188866,diamagnetique
3148.552284084639,0.2555162024919699,paramagnetique
25404.127622944397,0.003924927975311349,diamagnetique
2667.266215837284,0.3560471674068433,paramagnetique
2651.7135105667016,0.3602359576116297,paramagnetique
902.1555393931393,3.112271122156289,ferromagnetique
7414.4592803674095,0.046076692252650306,paramagnetique
381.3127848877459,17.421178461706603,ferromagnetique
24590.97945634721,0.004188790204786391,Non permeable
24590.97945634721,0.004188790204786391,Non permeable
27208.784197978974,0.003421542911012208,diamagnetique
2858.6432961981313,0.309970475154193,paramagnetique
2509.8063309714307,0.4021238596594936,paramagnetique
434.64330052922264,13.408317445521236,ferromagnetique
482.4543800993179,10.882476952035045,ferromagnetique
24590.97945634721,0.004188790204786391,Non permeable
26913.643457508468,0.0034969971134142038,diamagnetique
24590.97945634721,0.004188790204786391,Non permeable
24590.97945634721,0.004188790204786391,Non permeable
24590.97945634721,0.004188790204786391,Non permeable
10039.225323885723,0.02513274122871835,paramagnetique
24590.97945634721,0.004188790204786391,Non permeable
356.8034312504621,19.89675347273536,ferromagnetique
24590.97945634721,0.004188790204786391,Non permeable
28741.903019693535,0.003066261739473813,diamagnetique
24590.97945634721,0.004188790204786391,Non permeable
3665.806779846212,0.18849555921538763,paramagnetique
383.62575517641886,17.211738951467282,ferromagnetique
24590.97945634721,0.004188790204786391,Non permeable
381.17533359404445,17.43374483232096,ferromagnetique
439.1246331490573,13.136046082210123,ferromagnetique
24590.97945634721,0.004188790204786391,Non permeable
2939.184217778052,0.2932153143350474,paramagnetique
24891.94091690016,0.004088111575296489,diamagnetique
24590.97945634721,0.004188790204786391,Non permeable
6349.363593424097,0.06283185307179587,paramagnetique
27834.370828905536,0.0032694706680226125,diamagnetique
31159.84318983723,0.002608853766659245,diamagnetique
24590.97945634721,0.004188790204786391,Non permeable
24590.97945634721,0.004188790204786391,Non permeable
3888.175248823316,0.16755160819145568,paramagnetique
28997.62696185775,0.0030124187776514244,diamagnetique
31726.88553123968,0.0025164330469695387,diamagnetique
24590.97945634721,0.004188790204786391,Non permeable
25468.495776599022,0.0039051136044780253,diamagnetique
505.76886512850075,9.902300044115028,ferromagnetique
27227.115166173076,0.0034169372757586716,diamagnetique
24590.97945634721,0.004188790204786391,Non permeable
3098.1721969996684,0.2638937829015427,paramagnetique
4566.43024625133,0.12147491593880537,paramagnetique
24590.97945634721,0.004188790204786391,Non permeable
6349.363593424097,0.06283185307179587,paramagnetique
24590.97945634721,0.004188790204786391,Non permeable
497.32053853225125,10.241592050702726,ferromagnetique
24590.97945634721,0.004188790204786391,Non permeable
5242.814435979324,0.09215338450530061,paramagnetique
29345.08765787197,0.002941503984324878,diamagnetique
386.6487086321317,16.943656378360952,ferromagnetique
2484.0640470860276,0.41050144006906636,paramagnetique
9294.516590999003,0.029321531433504744,paramagnetique
2667.266215837284,0.3560471674068433,paramagnetique
9294.516590999003,0.029321531433504744,paramagnetique
6572.215709346268,0.05864306286700949,paramagnetique
30049.29893930071,0.002805250024642673,diamagnetique
575.6312892494713,7.644542123735165,ferromagnetique
2839.5217217517234,0.31415926535897937,paramagnetique
27774.803077872228,0.0032835095691597193,diamagnetique
24590.97945634721,0.004188790204786391,Non permeable
24590.97945634721,0.004188790204786391,Non permeable
2509.8063309714307,0.4021238596594936,paramagnetique
351.3714222914575,20.516694423043745,ferromagnetique
24590.97945634721,0.004188790204786391,Non permeable
26077.650494866,0.003724803292017653,diamagnetique
26382.979991142063,0.0036390880781146423,diamagnetique
24590.97945634721,0.004188790204786391,Non permeable
24590.97945634721,0.004188790204786391,Non permeable
481.3440118145923,10.932742434492482,ferromagnetique
528.3802802045118,9.072919583567323,ferromagnetique
3377.8308061744783,0.22200588085367873,paramagnetique
24590.97945634721,0.004188790204786391,paramagnetique
24590.97945634721,0.004188790204786391,Non permeable
27860.82661221194,0.0032632644386411075,diamagnetique
24590.97945634721,0.004188790204786391,Non permeable
24590.97945634721,0.004188790204786391,Non permeable
398.97086306094496,15.9132139879835,ferromagnetique
393.0659430954106,16.394924861533937,ferromagnetique
24590.97945634721,0.004188790204786391,Non permeable
26311.211721471624,0.003658967607143825,diamagnetique
25794.100419568673,0.0038071456396030104,diamagnetique
353.5800747531655,20.261178220551777,ferromagnetique
2283.215123125665,0.4858996637552215,ferromagnetique
377.5194321680727,17.773036838908656,ferromagnetique
24590.97945634721,0.004188790204786391,Non permeable
26126.48276998893,0.0037108924539296724,diamagnetique
3286.107854673134,0.23457225146803795,paramagnetique
5366.191655800718,0.08796459430051423,paramagnetique
8694.224164801095,0.03351032163829113,paramagnetique
30483.116394745906,0.002725972903283573,diamagnetique
27195.69053048801,0.0034248383838734586,diamagnetique
2509.8063309714307,0.4021238596594936,paramagnetique
25991.565572950018,0.0037495174940410936,diamagnetique
7776.350497646632,0.04188790204786392,paramagnetique
5019.612661942861,0.1005309649148734,paramagnetique
24590.97945634721,0.004188790204786391,Non permeable
28281.361102371004,0.003166938642651239,diamagnetique
28366.294804752863,0.0031480022860062916,diamagnetique
24780.79796873975,0.004124864523790522,diamagnetique
411.22269213051436,14.979113772316133,ferromagnetique
24784.346164039365,0.004123683554386247,diamagnetique
24590.97945634721,0.004188790204786391,Non permeable
722.3274328831109,4.854807847347428,ferromagnetique
3549.402152189654,0.2010619298297468,paramagnetique
2536.3658677590024,0.3937462792499208,paramagnetique
24590.97945634721,0.004188790204786391,Non permeable
31341.610064897763,0.00257868121867449,diamagnetique
545.7928072849489,8.503244115716376,ferromagnetique
24590.97945634721,0.004188790204786391,Non permeable
26463.292499088453,0.0036170333168685626,diamagnetique
2577.835088422898,0.3811799086355616,paramagnetique
8196.993152115734,0.037699111843077525,paramagnetique
400.50242670809007,15.791739072044695,ferromagnetique
431.42069221661774,13.609379375350983,ferromagnetique
5019.612661942861,0.1005309649148734,paramagnetique
25464.84565737561,0.0039062331990767397,diamagnetique
24590.97945634721,0.004188790204786391,Non permeable
1188.6498570911574,1.7928022076485755,ferromagnetique
371.6532615012122,18.338523516554822,ferromagnetique
2563.7868362149006,0.385368698840348,paramagnetique
24590.97945634721,0.004188790204786391,Non permeable
3888.175248823316,0.16755160819145568,paramagnetique
25434.245670593893,0.003915638045565825,diamagnetique
26195.544629741376,0.003691351474087586,diamagnetique
380.67261427337525,17.479821524573612,ferromagnetique
6820.310564903188,0.05445427266222309,paramagnetique
2784.38012855435,0.32672563597333854,paramagnetique
28310.468667929756,0.0031604297793336217,diamagnetique
30318.8536503879,0.002755590697178526,diamagnetique
26868.788418363903,0.003508682707131273,diamagnetique
2839.5217217517234,0.31415926535897937,paramagnetique
28104.235029392552,0.0032069835028933407,diamagnetique
482.1760677715139,10.895043322649405,ferromagnetique
545.9272886981726,8.49905532551159,ferromagnetique
488.0277041568565,10.635338329952647,ferromagnetique
27982.26734552751,0.003235001304593895,diamagnetique
29632.7484216624,0.0028846717099519073,diamagnetique
2982.094286350397,0.2848377339254746,paramagnetique
506.9496918480244,9.85622335186238,ferromagnetique
24590.97945634721,0.004188790204786391,Non permeable
27166.428483705084,0.003432220418310803,diamagnetique
3315.8469934611403,0.23038346126325152,paramagnetique
3174.6817967120487,0.25132741228718347,paramagnetique
352.5973499108627,20.374275556081006,ferromagnetique
1122.419513282291,2.0106192982974678,ferromagnetique
29206.175330257152,0.002969551675755729,diamagnetique
2496.8356687881746,0.40631264986427995,paramagnetique
2898.074721600365,0.3015928947446202,paramagnetique
27238.158765734766,0.0034141670710971274,diamagnetique
24807.833375237595,0.004115878924603297,diamagnetique
3888.175248823316,0.16755160819145568,paramagnetique
24590.97945634721,0.004188790204786391,Non permeable
3148.552284084639,0.2555162024919699,paramagnetique
29505.57235776286,0.0029095925499165566,diamagnetique
8694.224164801095,0.03351032163829113,paramagnetique
25167.53053121355,0.003999070450220458,diamagnetique
2699.210662447629,0.34766958699727046,paramagnetique
31172.98775454507,0.0026066541047278856,diamagnetique
24590.97945634721,0.004188790204786391,Non permeable
25172.36851820691,0.003997533400453026,diamagnetique
28071.987479648258,0.0032143557461441017,diamagnetique
24590.97945634721,0.004188790204786391,Non permeable
765.8548982301123,4.3186427011347694,ferromagnetique
29621.368078345215,0.0028868886811999495,diamagnetique
3477.6896659204376,0.20943951023931962,paramagnetique
24590.97945634721,0.004188790204786391,Non permeable
24783.907983235564,0.004123829369561877,diamagnetique
24590.97945634721,0.004188790204786391,Non permeable
24590.97945634721,0.004188790204786391,Non permeable
24590.97945634721,0.004188790204786391,Non permeable
27348.04379788531,0.003386785796672478,diamagnetique
24590.97945634721,0.004188790204786391,Non permeable
357.7082596634021,19.796222507820485,ferromagnetique
2283.215123125665,0.4858996637552215,ferromagnetique
24590.97945634721,0.004188790204786391,Non permeable
4347.1120824005475,0.13404128655316452,paramagnetique
447.7753256364584,12.633391257635756,ferromagnetique
25519.850836191334,0.0038894124503686812,diamagnetique
2522.9812578782985,0.39793506945470714,paramagnetique
5242.814435979324,0.09215338450530061,paramagnetique
24590.97945634721,0.004188790204786391,Non permeable
24590.97945634721,0.004188790204786391,Non permeable
393.21666820215637,16.382358490919575,ferromagnetique
30581.37215264979,0.0027084843319489403,diamagnetique
2820.7787992869016,0.3183480555637657,paramagnetique
2459.097945634721,0.41887902047863923,paramagnetique
483.66599350952845,10.828022679372822,ferromagnetique
24590.97945634721,0.004188790204786391,Non permeable
24590.97945634721,0.004188790204786391,Non permeable
26390.284262089874,0.0036370739121019606,diamagnetique
24590.97945634721,0.004188790204786391,Non permeable
4732.536202919539,0.11309733552923257,paramagnetique
25484.799061496447,0.0039001187983548624,diamagnetique
793.257401817652,4.025427386799722,ferromagnetique
24590.97945634721,0.004188790204786391,Non permeable
24590.97945634721,0.004188790204786391,Non permeable
360.0393781674272,19.54070630532852,ferromagnetique
24590.97945634721,0.004188790204786391,Non permeable
24590.97945634721,0.004188790204786391,Non permeable
402.48234254786325,15.6367538344676,ferromagnetique
30704.07907409987,0.0026868790158682296,diamagnetique
625.6213846311208,6.4716808663949745,ferromagnetique
3073.872432043401,0.26808257310632905,paramagnetique
3586.9630093249853,0.1968731396249604,paramagnetique
24590.97945634721,0.004188790204786391,Non permeable
426.01346947862817,13.957048962348257,ferromagnetique
2592.116832548878,0.37699111843077526,paramagnetique
3410.155282451594,0.21781709064889235,paramagnetique
1081.5100398922775,2.1656045358745644,ferromagnetique
29952.64748832538,0.002823383241747914,diamagnetique
26117.538383390234,0.0037134346031755163,diamagnetique
24590.97945634721,0.004188790204786391,Non permeable
490.83889106413716,10.513863414013843,ferromagnetique
449.4925195143913,12.537049082925668,ferromagnetique
24590.97945634721,0.004188790204786391,Non permeable
31357.54538806243,0.002576061008646985,diamagnetique
24590.97945634721,0.004188790204786391,Non permeable
3586.9630093249853,0.1968731396249604,paramagnetique
24590.97945634721,0.004188790204786391,Non permeable
26367.89305244237,0.003643253629416665,diamagnetique
372.16365761466744,18.288258034097385,ferromagnetique
3477.6896659204376,0.20943951023931962,paramagnetique
527.771476822011,9.093863534591254,ferromagnetique
14197.608608758615,0.012566370614359175,paramagnetique
24590.97945634721,0.004188790204786391,Non permeable
24590.97945634721,0.004188790204786391,Non permeable
2715.619389039622,0.3434807967924841,paramagnetique
2683.095827900359,0.3518583772020569,paramagnetique
24590.97945634721,0.004188790204786391,Non permeable
24590.97945634721,0.004188790204786391,Non permeable
3174.6817967120487,0.25132741228718347,paramagnetique
24590.97945634721,0.004188790204786391,Non permeable
2732.331050705245,0.3392920065876977,paramagnetique
386.7443309184044,16.935278797951376,ferromagnetique
1779.3408253880482,0.8000589291142006,ferromagnetique
3201.4728353736546,0.24713862208239706,paramagnetique
4647.258295499501,0.11728612573401898,paramagnetique
2536.3658677590024,0.3937462792499208,paramagnetique
30302.048793169026,0.0027586479260179957,diamagnetique
24590.97945634721,0.004188790204786391,Non permeable
26754.191407375303,0.003538804767250416,diamagnetique
5366.191655800718,0.08796459430051423,paramagnetique
473.0784384905449,11.31811113333283,ferromagnetique
27311.27042677221,0.003395912239720056,diamagnetique
6820.310564903188,0.05445427266222309,paramagnetique
24590.97945634721,0.004188790204786391,Non permeable
539.0633264107864,8.71687241616048,ferromagnetique
621.6109498084144,6.5554566704907025,ferromagnetique
26885.076989545192,0.0035044324596656827,diamagnetique
24590.97945634721,0.004188790204786391,Non permeable
27645.713692456924,0.0033142453165715953,diamagnetique
24590.97945634721,0.004188790204786391,Non permeable
26189.410100277084,0.0036930809789835124,diamagnetique
24590.97945634721,0.004188790204786391,Non permeable
1191.4368476862821,1.7844246272390027,ferromagnetique
26526.563852832354,0.0035997991464016684,diamagnetique
358.6581478396997,19.691502752700828,ferromagnetique
5964.188572700794,0.07120943348136866,paramagnetique
2667.266215837284,0.3560471674068433,paramagnetique
24590.97945634721,0.004188790204786391,Non permeable
24590.97945634721,0.004188790204786391,Non permeable
3026.9403259239184,0.2764601535159018,paramagnetique
660.056472249148,5.814040804243511,ferromagnetique
2858.6432961981313,0.309970475154193,paramagnetique
25061.079343303558,0.004033116065170723,diamagnetique
10997.420339538636,0.02094395102393196,paramagnetique
352.38007720876203,20.399408297309726,ferromagnetique
1875.0446050857006,0.7204719152232594,ferromagnetique
30298.830782809866,0.0027592339439468554,diamagnetique
24590.97945634721,0.004188790204786391,Non permeable
414.3043616297377,14.757107891462455,ferromagnetique
568.055846112237,7.8497928437696975,ferromagnetique
27495.274446379102,0.0033506120443831107,diamagnetique
528.6243921511013,9.06454200315775,ferromagnetique
29002.565592238516,0.003011392940390098,diamagnetique
30030.123472048857,0.0028088337031596904,diamagnetique
27272.415192819608,0.00340559550084747,diamagnetique
10039.225323885723,0.02513274122871835,paramagnetique
7414.4592803674095,0.046076692252650306,paramagnetique
24590.97945634721,0.004188790204786391,Non permeable
3257.1547981853637,0.23876104167282433,paramagnetique
26198.88247783053,0.003690410946521948,diamagnetique
2484.0640470860276,0.41050144006906636,paramagnetique
24590.97945634721,0.004188790204786391,Non permeable
24590.97945634721,0.004188790204786391,Non permeable
434.7112082400547,13.404128655316455,ferromagnetique
24590.97945634721,0.004188790204786391,Non permeable
417.6971844050691,14.518346849789632,ferromagnetique
816.5300709743591,3.7992327157412564,ferromagnetique
4156.634183094678,0.1466076571675237,paramagnetique
24590.97945634721,0.004188790204786391,Non permeable
26556.424346752778,0.003591708347253964,diamagnetique
2651.7135105667016,0.3602359576116297,paramagnetique
25606.512678027677,0.0038631305995548075,diamagnetique
1513.4701629619592,1.1058406140636072,ferromagnetique
24590.97945634721,0.004188790204786391,Non permeable
25099.20999296316,0.004020871176137597,diamagnetique
3228.953792939671,0.24294983187761074,paramagnetique
31307.82307205868,0.0025842499799534646,diamagnetique
29140.564200616445,0.002982938855131799,diamagnetique
408.7159081099296,15.163420541326737,ferromagnetique
3840.465770223172,0.17174039839624206,paramagnetique
26682.432020170818,0.0035578647941719543,diamagnetique
1461.781998101449,1.1854276279545488,ferromagnetique
887.9288049957536,3.212802087071162,ferromagnetique
24590.97945634721,0.004188790204786391,Non permeable
3477.6896659204376,0.20943951023931962,paramagnetique
373.8802887612561,18.120706425905933,ferromagnetique
28430.402303921284,0.00313382147904961,diamagnetique
27771.047206873052,0.003284397779980101,diamagnetique
24590.97945634721,0.004188790204786391,Non permeable
26952.391846874063,0.003486949351948718,diamagnetique
25272.136723379106,0.003966033135816607,diamagnetique
2651.7135105667016,0.3602359576116297,paramagnetique
27850.180367277702,0.003265759801495678,diamagnetique
5366.191655800718,0.08796459430051423,paramagnetique
29162.888207411474,0.0029783737613560185,diamagnetique
25644.481491102448,0.0038516996880934803,diamagnetique
24590.97945634721,0.004188790204786391,Non permeable
498.23838712339415,10.20389293885965,ferromagnetique
2563.7868362149006,0.385368698840348,paramagnetique
458.70391317937526,12.038583048556088,ferromagnetique
483.5724682271091,10.83221146957761,ferromagnetique
24590.97945634721,0.004188790204786391,Non permeable
3286.107854673134,0.23457225146803795,paramagnetique
2858.6432961981313,0.309970475154193,paramagnetique
24590.97945634721,0.004188790204786391,Non permeable
24590.97945634721,0.004188790204786391,Non permeable
24590.97945634721,0.004188790204786391,Non permeable
24590.97945634721,0.004188790204786391,Non permeable
24590.97945634721,0.004188790204786391,Non permeable
25910.18018421034,0.0037731093944428757,diamagnetique
29931.7996088776,0.0028273176561926785,diamagnetique
14197.608608758615,0.012566370614359175,paramagnetique
675.3113748176744,5.554335811546755,ferromagnetique
5498.710169769318,0.08377580409572784,paramagnetique
752.471751322209,4.473627938711866,ferromagnetique
404.3278545386111,15.49433496750486,ferromagnetique
2459.097945634721,0.41887902047863923,paramagnetique
24590.97945634721,0.004188790204786391,Non permeable
1170.9990217308195,1.8472564803107983,ferromagnetique
7414.4592803674095,0.046076692252650306,paramagnetique
29833.864294243718,0.0028459105357750945,diamagnetique
30809.73313739442,0.002668482690387329,diamagnetique
3410.155282451594,0.21781709064889235,paramagnetique
24972.819764714844,0.0040616743258019,diamagnetique
2651.7135105667016,0.3602359576116297,paramagnetique
4647.258295499501,0.11728612573401898,paramagnetique
24590.97945634721,0.004188790204786391,Non permeable
24590.97945634721,0.004188790204786391,Non permeable
24590.97945634721,0.004188790204786391,Non permeable
28318.00733635446,0.0031587472978960355,diamagnetique
28436.09781966917,0.0031325662476024882,diamagnetique
2509.8063309714307,0.4021238596594936,paramagnetique
4042.732119470326,0.1549852375770965,paramagnetique
24590.97945634721,0.004188790204786391,Non permeable
5019.612661942861,0.1005309649148734,paramagnetique
4217.318184032048,0.1424188669627373,paramagnetique
584.5062963913913,7.4141586624719125,ferromagnetique
30028.849104634748,0.002809072111370661,diamagnetique
25256.63191064082,0.003970904052585863,diamagnetique
27438.454614184684,0.003364503375981188,diamagnetique
576.2631569361386,7.627786962916018,ferromagnetique
24590.97945634721,0.004188790204786391,Non permeable
24590.97945634721,0.004188790204786391,Non permeable
3377.8308061744783,0.22200588085367873,paramagnetique
24590.97945634721,0.004188790204786391,Non permeable
26778.53793717169,0.0035323728664878773,diamagnetique
24590.97945634721,0.004188790204786391,Non permeable
24590.97945634721,0.004188790204786391,Non permeable
2878.156446247356,0.3057816849494066,paramagnetique
535.9814717534001,8.817403381075353,ferromagnetique
695.8163153978293,5.231798965778203,ferromagnetique
24590.97945634721,0.004188790204786391,Non permeable
2042.1696890258152,0.6073745796940268,ferromagnetique
30366.816519753836,0.00274689293580974,diamagnetique
3410.155282451594,0.21781709064889235,paramagnetique
2471.486426789136,0.41469023027385277,paramagnetique
5498.710169769318,0.08377580409572784,paramagnetique
24590.97945634721,0.004188790204786391,Non permeable
590.0324779672096,7.275928585713961,ferromagnetique
29974.1645036734,0.002819331153790467,diamagnetique
2459.097945634721,0.41887902047863923,paramagnetique
24590.97945634721,0.004188790204786391,Non permeable
28850.75677214401,0.0030431674106130807,diamagnetique
625.2168444112382,6.480058446804547,ferromagnetique
24590.97945634721,0.004188790204786391,Non permeable
3050.1356101567035,0.27227136331111546,paramagnetique
510.7626260287185,9.709615694694856,ferromagnetique
24590.97945634721,0.004188790204786391,Non permeable
3377.8308061744783,0.22200588085367873,paramagnetique
4280.740061415642,0.1382300767579509,paramagnetique
24590.97945634721,0.004188790204786391,Non permeable
24590.97945634721,0.004188790204786391,Non permeable
6147.744864086802,0.06702064327658226,paramagnetique
4416.670292391457,0.12985249634837814,paramagnetique
24590.97945634721,0.004188790204786391,Non permeable
615.5443984028035,6.68530916683908,ferromagnetique
24590.97945634721,0.004188790204786391,Non permeable
1051.4343564346789,2.2912682420181563,ferromagnetique
727.0475491025487,4.7919759942756315,ferromagnetique
24590.97945634721,0.004188790204786391,Non permeable
24590.97945634721,0.004188790204786391,Non permeable
1485.5953986207853,1.1477285161114712,ferromagnetique
1228.0149123661902,1.6797048721193428,ferromagnetique
2802.402194552442,0.3225368457685521,paramagnetique
2471.486426789136,0.41469023027385277,paramagnetique
5641.557598573803,0.07958701389094143,paramagnetique
462.9108096113425,11.820765957907195,ferromagnetique
2918.412337581472,0.2974041045398338,paramagnetique
24590.97945634721,0.004188790204786391,Non permeable
587.1661795111663,7.347138019195331,ferromagnetique
26781.626714878486,0.003531558122447035,diamagnetique
25743.529358907086,0.0038221179844201304,diamagnetique
24590.97945634721,0.004188790204786391,Non permeable
24590.97945634721,0.004188790204786391,Non permeable
27484.94076269404,0.0033531320188118757,diamagnetique
10039.225323885723,0.02513274122871835,paramagnetique
3888.175248823316,0.16755160819145568,paramagnetique
25886.295200608813,0.003780075415030608,diamagnetique
24590.97945634721,0.004188790204786391,Non permeable
499.9860562844858,10.13268350537828,ferromagnetique
29449.924509075732,0.002920598726784567,diamagnetique
28315.10732160338,0.003159394364690209,diamagnetique
24590.97945634721,0.004188790204786391,Non permeable
29836.493385082456,0.0028454090138589827,diamagnetique
24590.97945634721,0.004188790204786391,Non permeable
29132.785747279326,0.002984531957037474,diamagnetique
24590.97945634721,0.004188790204786391,Non permeable
24863.562872610415,0.004097448838622431,diamagnetique
381.2211341749961,17.429556042116175,ferromagnetique
700.3163869761929,5.164778322501621,ferromagnetique
24590.97945634721,0.004188790204786391,Non permeable
27040.96750106643,0.0034641429956668163,diamagnetique
25044.0302723918,0.0040386091336588395,diamagnetique
429.6391814038163,13.72247671088022,ferromagnetique
26505.462751677933,0.0036055330558641186,diamagnetique
740.7728040413887,4.616046805674603,ferromagnetique
496.91423083490326,10.258347211521873,ferromagnetique
360.81365729430865,19.456930501232787,ferromagnetique
3098.1721969996684,0.2638937829015427,paramagnetique
543.7874380771487,8.56607596878817,ferromagnetique
24590.97945634721,0.004188790204786391,Non permeable
24590.97945634721,0.004188790204786391,Non permeable
544.1867435560519,8.553509598173813,ferromagnetique
527.164773004006,9.114807485615188,ferromagnetique
31527.38659541837,0.002548380767855633,diamagnetique
27020.307492255924,0.003469442460605885,diamagnetique
24590.97945634721,0.004188790204786391,Non permeable
542.7269057404095,8.599586290426462,ferromagnetique
29214.037275258805,0.0029679535871183745,diamagnetique
29173.075198339982,0.002976294078708204,diamagnetique
30810.080076447455,0.002668422593455233,diamagnetique
27043.26000911092,0.0034635556967190567,diamagnetique
530.4660806661583,9.001710150085955,ferromagnetique
465.6413823538203,11.682535881149246,ferromagnetique
24590.97945634721,0.004188790204786391,Non permeable
7098.804304379308,0.0502654824574367,paramagnetique
641.8193394225025,6.149144020626422,ferromagnetique
558.8858967351639,8.109497836466453,ferromagnetique
25012.240753070673,0.004048881466364779,diamagnetique
2784.38012855435,0.32672563597333854,paramagnetique
24590.97945634721,0.004188790204786391,Non permeable
24590.97945634721,0.004188790204786391,Non permeable
24590.97945634721,0.004188790204786391,Non permeable
24590.97945634721,0.004188790204786391,Non permeable
27936.311469340773,0.0032456533622332467,diamagnetique
29847.069650843197,0.0028433928380378337,diamagnetique
14197.608608758615,0.012566370614359175,paramagnetique
3257.1547981853637,0.23876104167282433,paramagnetique
24590.97945634721,0.004188790204786391,Non permeable
14197.608608758615,0.012566370614359175,paramagnetique
24590.97945634721,0.004188790204786391,Non permeable
24590.97945634721,0.004188790204786391,Non permeable
3512.997065192458,0.20525072003453318,paramagnetique
24590.97945634721,0.004188790204786391,Non permeable
25538.536294245132,0.0038837230979646828,diamagnetique
24590.97945634721,0.004188790204786391,Non permeable
24598.561436544896,0.004186208392845818,diamagnetique
24590.97945634721,0.004188790204786391,Non permeable
446.07766313432563,12.729733432345842,ferromagnetique
26266.943609406844,0.0036713110362497263,diamagnetique
2898.074721600365,0.3015928947446202,paramagnetique
375.4019893471539,17.974098768738408,ferromagnetique
558.1655898283814,8.130441787490385,ferromagnetique
3228.953792939671,0.24294983187761074,paramagnetique
25699.0698294662,0.003835353993171989,diamagnetique
31513.05736496669,0.0025506988315717617,diamagnetique
28749.563733120896,0.003064627862652938,diamagnetique
24590.97945634721,0.004188790204786391,Non permeable
1507.769690115309,1.11421819447318,ferromagnetique
25378.436791058273,0.003932878480975073,diamagnetique
4042.732119470326,0.1549852375770965,paramagnetique
24590.97945634721,0.004188790204786391,Non permeable
17388.44832960219,0.008377580409572783,paramagnetique
24590.97945634721,0.004188790204786391,Non permeable
24590.97945634721,0.004188790204786391,Non permeable
3665.806779846212,0.18849555921538763,paramagnetique
2732.331050705245,0.3392920065876977,paramagnetique
10039.225323885723,0.02513274122871835,paramagnetique
2732.331050705245,0.3392920065876977,paramagnetique
492.60839410714425,10.438465190327689,ferromagnetique
30140.660922432202,0.0027882693240695723,diamagnetique
24590.97945634721,0.004188790204786391,Non permeable
24590.97945634721,0.004188790204786391,Non permeable
524.6392742233221,9.202772079915702,ferromagnetique
24590.97945634721,0.004188790204786391,Non permeable
6147.744864086802,0.06702064327658226,paramagnetique
24590.97945634721,0.004188790204786391,Non permeable
375.4895058396232,17.965721188328832,ferromagnetique
379.8995818274492,17.55103095805498,ferromagnetique
738.7643788252248,4.641179546903322,ferromagnetique
404.4372062254079,15.485957387095288,ferromagnetique
24590.97945634721,0.004188790204786391,Non permeable
451.91486117436995,12.403007796372505,ferromagnetique
536.1088286452423,8.813214590870569,ferromagnetique
508.2473467657679,9.805957869404942,ferromagnetique
388.0905360415322,16.81799267221736,ferromagnetique
26128.946600562234,0.0037101926492761074,diamagnetique
27300.289752798883,0.003398644584667543,diamagnetique
413.717611071006,14.79899579351032,ferromagnetique
24678.231866939608,0.004159222775057603,diamagnetique
29919.69268260578,0.002829606252692637,diamagnetique
25719.24378430352,0.003829339515216193,diamagnetique
30277.861502033764,0.002763057145714498,diamagnetique
1580.7680299638355,1.0136872295583066,ferromagnetique
24590.97945634721,0.004188790204786391,Non permeable
26411.91229191728,0.003631119740003666,diamagnetique
24937.81684261233,0.00407308432586265,diamagnetique
415.6040505424993,14.664954506957155,ferromagnetique
401.9980398010323,15.674452946310677,ferromagnetique
24590.97945634721,0.004188790204786391,Non permeable
26502.642513627532,0.003606300451231695,diamagnetique
2982.094286350397,0.2848377339254746,paramagnetique
24590.97945634721,0.004188790204786391,Non permeable
24590.97945634721,0.004188790204786391,Non permeable
27062.250507991062,0.003458696413311783,diamagnetique
24590.97945634721,0.004188790204786391,Non permeable
24590.97945634721,0.004188790204786391,Non permeable
776.0844299769707,4.205545365605538,ferromagnetique
24590.97945634721,0.004188790204786391,Non permeable
24590.97945634721,0.004188790204786391,Non permeable
25474.216881706663,0.003903359748278119,diamagnetique
24590.97945634721,0.004188790204786391,Non permeable
583.6824675162945,7.435102613495843,ferromagnetique
3201.4728353736546,0.24713862208239706,paramagnetique
2820.7787992869016,0.3183480555637657,paramagnetique
746.8978097521974,4.540648581988449,ferromagnetique
8196.993152115734,0.037699111843077525,paramagnetique
10997.420339538636,0.02094395102393196,paramagnetique
24590.97945634721,0.004188790204786391,Non permeable
3315.8469934611403,0.23038346126325152,paramagnetique
25116.8359384117,0.0040152297976775685,diamagnetique
29053.89791296026,0.0030007613045642595,diamagnetique
609.2777026795736,6.82353924359703,ferromagnetique
29051.27028983099,0.0030013041535560687,diamagnetique
550.0085363030727,8.373391619367997,ferromagnetique
6349.363593424097,0.06283185307179587,paramagnetique
614.1989445570574,6.714630698272585,ferromagnetique
359.96222411571796,19.54908388573809,ferromagnetique
27362.279777822216,0.0033832625761910985,diamagnetique
24590.97945634721,0.004188790204786391,Non permeable
29611.534472972187,0.0028888063959203723,diamagnetique
3377.8308061744783,0.22200588085367873,paramagnetique
24590.97945634721,0.004188790204786391,Non permeable
545.121887784525,8.524188066740306,ferromagnetique
25271.555623635377,0.003966215529601152,diamagnetique
25221.722972304644,0.003981903774978544,diamagnetique
3586.9630093249853,0.1968731396249604,paramagnetique
24931.32767444879,0.004075204900364214,diamagnetique
3201.4728353736546,0.24713862208239706,paramagnetique
366.86612935952814,18.820234390105256,ferromagnetique
27466.083906438205,0.0033577377888835205,diamagnetique
24590.97945634721,0.004188790204786391,Non permeable
27801.94647751873,0.0032771012333040125,diamagnetique
31031.122706294933,0.0026305422769872465,diamagnetique
24590.97945634721,0.004188790204786391,Non permeable
3026.9403259239184,0.2764601535159018,paramagnetique
477.33729502968725,11.117049203503083,ferromagnetique
24590.97945634721,0.004188790204786391,Non permeable
24590.97945634721,0.004188790204786391,Non permeable
26759.294571331422,0.0035374551517815644,diamagnetique
787.5416281207406,4.084070449666732,ferromagnetique
24590.97945634721,0.004188790204786391,Non permeable
2606.6386091007994,0.3728023282259888,paramagnetique
1864.2373415545821,0.7288494956328321,ferromagnetique
24590.97945634721,0.004188790204786391,Non permeable
3750.089210171401,0.18011797880581484,paramagnetique
24590.97945634721,0.004188790204786391,Non permeable
2982.094286350397,0.2848377339254746,paramagnetique
24590.97945634721,0.004188790204786391,Non permeable
25603.62957595264,0.003864000665800832,diamagnetique
351.5149856977712,20.4999392622246,ferromagnetique
635.7846380898775,6.266430146360443,ferromagnetique
25611.896891907916,0.003861506531242298,diamagnetique
4280.740061415642,0.1382300767579509,paramagnetique
24590.97945634721,0.004188790204786391,Non permeable
29034.780109505165,0.003004714277615364,diamagnetique
25845.303149881227,0.003792075732784865,diamagnetique
26417.682729159093,0.003629533616013548,diamagnetique
24590.97945634721,0.004188790204786391,Non permeable
24590.97945634721,0.004188790204786391,Non permeable
24590.97945634721,0.004188790204786391,Non permeable
27643.195876795173,0.0033148490845895176,diamagnetique
24590.97945634721,0.004188790204786391,Non permeable
475.0162097086834,11.225957748827529,ferromagnetique
2651.7135105667016,0.3602359576116297,paramagnetique
24590.97945634721,0.004188790204786391,Non permeable
574.0606688890904,7.686430025783028,ferromagnetique
364.36079109334327,19.07993938280201,ferromagnetique
575.1587501445869,7.657108494349522,ferromagnetique
4489.678053129164,0.12566370614359174,paramagnetique
673.7886865783878,5.579468552775473,ferromagnetique
24590.97945634721,0.004188790204786391,Non permeable
29086.885364687285,0.002993958834202201,diamagnetique
26375.42093776982,0.003641174263044515,diamagnetique
2715.619389039622,0.3434807967924841,paramagnetique
3123.0575140151705,0.2597049926967563,paramagnetique
27526.05414443888,0.003343122909475881,diamagnetique
24590.97945634721,0.004188790204786391,Non permeable
495.8019989917996,10.304423903774524,ferromagnetique
29833.02377414493,0.002846070900257066,diamagnetique
978.95143507658,2.6431266192202125,ferromagnetique
6147.744864086802,0.06702064327658226,paramagnetique
26048.687647068113,0.003733090917655764,diamagnetique
24590.97945634721,0.004188790204786391,Non permeable
24671.903453968607,0.004161356753503925,diamagnetique
427.04000944762316,13.890028319071675,ferromagnetique
3346.408441295241,0.22619467105846514,paramagnetique
381.5422011800173,17.400234510682672,ferromagnetique
504.5962515756598,9.94837673636768,ferromagnetique
2563.7868362149006,0.385368698840348,paramagnetique
487.93162625373884,10.639527120157435,ferromagnetique
24590.97945634721,0.004188790204786391,Non permeable
24590.97945634721,0.004188790204786391,Non permeable
559.1748013275966,8.10112025605688,ferromagnetique
1650.4384765771106,0.9299114254625789,ferromagnetique
2683.095827900359,0.3518583772020569,paramagnetique
574.5305044626681,7.67386365516867,ferromagnetique
2784.38012855435,0.32672563597333854,paramagnetique
30256.29573496582,0.0027669973955971416,diamagnetique
24590.97945634721,0.004188790204786391,Non permeable
500.296381786351,10.12011713476392,ferromagnetique
26182.894907812522,0.003694919135311382,diamagnetique
545.121887784525,8.524188066740306,ferromagnetique
24590.97945634721,0.004188790204786391,Non permeable
24590.97945634721,0.004188790204786391,Non permeable
3123.0575140151705,0.2597049926967563,paramagnetique
24590.97945634721,0.004188790204786391,Non permeable
551.8057287188798,8.318937346705773,ferromagnetique
24590.97945634721,0.004188790204786391,Non permeable
524.6392742233221,9.202772079915702,ferromagnetique
24590.97945634721,0.004188790204786391,Non permeable
1072.2176572904846,2.203303647717642,ferromagnetique
3050.1356101567035,0.27227136331111546,paramagnetique
8196.993152115734,0.037699111843077525,paramagnetique
24590.97945634721,0.004188790204786391,Non permeable
448.51950983885257,12.591503355587893,ferromagnetique
374.61708480528347,18.04949699242456,ferromagnetique
349.9808353277601,20.680057241030415,ferromagnetique
606.3074097769629,6.890559886873614,ferromagnetique
3073.872432043401,0.26808257310632905,paramagnetique
1005.5999312732375,2.5048965424622622,ferromagnetique
429.83603785465164,13.70991034026586,ferromagnetique
28139.644799144622,0.0031989175092002947,diamagnetique
2563.7868362149006,0.385368698840348,paramagnetique
588.6784142707811,7.309438907352252,ferromagnetique
350.9775280891456,20.562771115296396,ferromagnetique
530.9604573630811,8.984954989266809,ferromagnetique
31350.59752060232,0.002577202939911452,diamagnetique
30306.606694555856,0.0027578182257588816,diamagnetique
3512.997065192458,0.20525072003453318,paramagnetique
29580.95149880008,0.0028947828069154835,diamagnetique
448.29586509304124,12.604069726202251,ferromagnetique
2820.7787992869016,0.3183480555637657,paramagnetique
2621.407217989662,0.36861353802120245,paramagnetique
573.4360107401128,7.703185186602174,ferromagnetique
29771.87029402865,0.0028577749612326018,diamagnetique
24590.97945634721,0.004188790204786391,Non permeable
31715.143348273174,0.0025182967552255073,diamagnetique
2766.7013458256656,0.33091442617812494,paramagnetique
433.69592182103355,13.466960508388247,ferromagnetique
2459.097945634721,0.41887902047863923,paramagnetique
555.311963823923,8.214217591586113,ferromagnetique
24590.97945634721,0.004188790204786391,Non permeable
30670.026179570523,0.0026928488054706367,diamagnetique
29715.307160377877,0.0028686648740764513,diamagnetique
821.0689056657548,3.7573448136933925,ferromagnetique
24590.97945634721,0.004188790204786391,Non permeable
24590.97945634721,0.004188790204786391,Non permeable
3443.4258779464926,0.213628300444106,paramagnetique
24590.97945634721,0.004188790204786391,Non permeable
24590.97945634721,0.004188790204786391,Non permeable
5498.710169769318,0.08377580409572784,paramagnetique
432.6877160671954,13.529792361460043,ferromagnetique
4416.670292391457,0.12985249634837814,paramagnetique
26162.357581875433,0.00370072239998658,diamagnetique
588.8471625655674,7.305250117147466,ferromagnetique
379.9449240227324,17.54684216785019,ferromagnetique
1034.550281179022,2.366666465704311,ferromagnetique
2563.7868362149006,0.385368698840348,paramagnetique
30780.967451967223,0.002673472566114835,diamagnetique
29097.480991881897,0.0029917787763593653,diamagnetique
3286.107854673134,0.23457225146803795,paramagnetique
7414.4592803674095,0.046076692252650306,paramagnetique
2459.097945634721,0.41887902047863923,paramagnetique
24590.97945634721,0.004188790204786391,Non permeable
2459.097945634721,0.41887902047863923,paramagnetique
390.57910335735767,16.604364371773258,ferromagnetique
4042.732119470326,0.1549852375770965,paramagnetique
25340.21838819178,0.003944750650367463,diamagnetique
24910.82827299386,0.004081914724144283,diamagnetique
2636.4297319088546,0.36442474781641604,paramagnetique
575.7890612927929,7.640353333530379,ferromagnetique
5366.191655800718,0.08796459430051423,paramagnetique
5498.710169769318,0.08377580409572784,paramagnetique
4042.732119470326,0.1549852375770965,paramagnetique
27217.531750080318,0.0034193439375362748,diamagnetique
368.0558576992881,18.69875947416645,ferromagnetique
3257.1547981853637,0.23876104167282433,paramagnetique
24590.97945634721,0.004188790204786391,Non permeable
24590.97945634721,0.004188790204786391,Non permeable
620.6203341195045,6.576400621514633,ferromagnetique
3174.6817967120487,0.25132741228718347,paramagnetique
426.9112860055284,13.898405899481249,ferromagnetique
24590.97945634721,0.004188790204786391,Non permeable
29725.92727099664,0.002866615478218195,diamagnetique
24590.97945634721,0.004188790204786391,Non permeable
24943.5649989207,0.00407120728641994,diamagnetique
12295.489728173605,0.016755160819145565,paramagnetique
4098.496576057867,0.1507964473723101,paramagnetique
24590.97945634721,0.004188790204786391,Non permeable
27059.637153666827,0.0034593645106443015,diamagnetique
30424.593833306146,0.002736469960282376,diamagnetique
623.6064957114886,6.5135687684428385,ferromagnetique
2918.412337581472,0.2974041045398338,paramagnetique
31510.89750835443,0.002551048509491463,diamagnetique
29720.661587975046,0.0028676313388907465,diamagnetique
24590.97945634721,0.004188790204786391,Non permeable
24590.97945634721,0.004188790204786391,Non permeable
486.8785007467593,10.685603812410085,ferromagnetique
28613.043802962566,0.003093941827897577,diamagnetique
26932.84046159066,0.003492013759128742,diamagnetique
27844.95760802783,0.0032669850055012015,diamagnetique
380.946578047069,17.454688783344892,ferromagnetique
24590.97945634721,0.004188790204786391,Non permeable
2577.835088422898,0.3811799086355616,paramagnetique
3098.1721969996684,0.2638937829015427,paramagnetique
418.7860420554198,14.442948626103478,ferromagnetique
421.4839595405355,14.258641857092876,ferromagnetique
24590.97945634721,0.004188790204786391,Non permeable
370.8494115113381,18.418110530445762,ferromagnetique
24590.97945634721,0.004188790204786391,Non permeable
24590.97945634721,0.004188790204786391,Non permeable
24590.97945634721,0.004188790204786391,Non permeable
30296.881610764693,0.0027595889900367235,diamagnetique
24590.97945634721,0.004188790204786391,Non permeable
2471.486426789136,0.41469023027385277,paramagnetique
3123.0575140151705,0.2597049926967563,paramagnetique
24590.97945634721,0.004188790204786391,Non permeable
27100.522712659546,0.00344893435310897,diamagnetique
14197.608608758615,0.012566370614359175,paramagnetique
404.2732119470326,15.498523757709648,ferromagnetique
24590.97945634721,0.004188790204786391,Non permeable
7098.804304379308,0.0502654824574367,paramagnetique
2858.6432961981313,0.309970475154193,paramagnetique
24590.97945634721,0.004188790204786391,Non permeable
398.4467976001939,15.955101890031365,ferromagnetique
358.9254754639816,19.66218122126732,ferromagnetique
24590.97945634721,0.004188790204786391,Non permeable
573.5919840901317,7.698996396397388,ferromagnetique
470.9913175542396,11.418642098247703,ferromagnetique
25615.354124497673,0.003860464248145534,diamagnetique
455.7794335022191,12.193568286133186,ferromagnetique
17388.44832960219,0.008377580409572783,paramagnetique
24658.155177558703,0.0041659984172251535,diamagnetique
24590.97945634721,0.004188790204786391,Non permeable
390.4313898556902,16.616930742387613,ferromagnetique
562.6769741950188,8.000589291142008,ferromagnetique
24590.97945634721,0.004188790204786391,Non permeable
24590.97945634721,0.004188790204786391,Non permeable
5964.188572700794,0.07120943348136866,paramagnetique
2960.406040066983,0.28902652413026103,paramagnetique
27172.876234121024,0.0034305917740072253,diamagnetique
549.4590770886876,8.390146780187143,ferromagnetique
527.043683126905,9.118996275819976,ferromagnetique
27902.870906941625,0.0032534376158772364,diamagnetique
25680.81158071389,0.0038408095638016414,diamagnetique
26014.64523975921,0.0037428674531544827,diamagnetique
635.148110677075,6.278996516974801,ferromagnetique
2165.1150149775694,0.5403539364174446,ferromagnetique
458.70391317937526,12.038583048556088,ferromagnetique
24590.97945634721,0.004188790204786391,Non permeable
462.9108096113425,11.820765957907195,ferromagnetique
28205.326149324042,0.0031840363069197517,diamagnetique
29696.290533480616,0.002872340066868088,diamagnetique
643.3550570088366,6.119822489192918,ferromagnetique
26386.343428150838,0.003638160396455831,diamagnetique
4918.195891269442,0.10471975511965981,paramagnetique
27070.4510380106,0.003456601224896827,diamagnetique
479.7840328378545,11.00395186797385,ferromagnetique
411.62576704978625,14.949792240882628,ferromagnetique
702.5994130384915,5.131268000863329,ferromagnetique
24590.97945634721,0.004188790204786391,Non permeable
3586.9630093249853,0.1968731396249604,paramagnetique
394.37801690996156,16.28601631620949,ferromagnetique
24590.97945634721,0.004188790204786391,Non permeable
2784.38012855435,0.32672563597333854,paramagnetique
29068.84781058848,0.0029976755587005363,diamagnetique
30091.452585079962,0.0027973960542076277,diamagnetique
3257.1547981853637,0.23876104167282433,paramagnetique
24590.97945634721,0.004188790204786391,Non permeable
24590.97945634721,0.004188790204786391,Non permeable
477.06773982982156,11.129615574117441,ferromagnetique
4918.195891269442,0.10471975511965981,paramagnetique
491.1324842861213,10.501297043399482,ferromagnetique
24590.97945634721,0.004188790204786391,Non permeable
395.24304940366653,16.21480688272812,ferromagnetique
24590.97945634721,0.004188790204786391,Non permeable
27182.62498085365,0.003428131527933346,diamagnetique
24590.97945634721,0.004188790204786391,Non permeable
2592.116832548878,0.37699111843077526,paramagnetique
24590.97945634721,0.004188790204786391,Non permeable
352.1993231177672,20.42035224833366,ferromagnetique
24590.97945634721,0.004188790204786391,Non permeable
24590.97945634721,0.004188790204786391,Non permeable
24590.97945634721,0.004188790204786391,Non permeable
30803.474577311845,0.002669567149598001,diamagnetique
415.84167437583176,14.648199346138009,ferromagnetique
365.12309496368164,19.00035236891107,ferromagnetique
24590.97945634721,0.004188790204786391,Non permeable
4217.318184032048,0.1424188669627373,paramagnetique
24590.97945634721,0.004188790204786391,Non permeable
3888.175248823316,0.16755160819145568,paramagnetique
31545.20579872775,0.0025455025308451194,diamagnetique
1072.2176572904846,2.203303647717642,ferromagnetique
30342.1913182975,0.002751353407374079,diamagnetique
24590.97945634721,0.004188790204786391,Non permeable
24590.97945634721,0.004188790204786391,Non permeable
382.6491924845492,17.299703545767798,ferromagnetique
26515.057662337804,0.003602924084867391,diamagnetique
2621.407217989662,0.36861353802120245,paramagnetique
24590.97945634721,0.004188790204786391,Non permeable
457.9873744760845,12.076282160399165,ferromagnetique
5366.191655800718,0.08796459430051423,paramagnetique
4156.634183094678,0.1466076571675237,paramagnetique
30283.594150807003,0.0027620111577868005,diamagnetique
28863.563628577638,0.003040467483305484,diamagnetique
2699.210662447629,0.34766958699727046,paramagnetique
28036.0466126947,0.0032226023283869667,diamagnetique
2802.402194552442,0.3225368457685521,paramagnetique
5964.188572700794,0.07120943348136866,paramagnetique
24590.97945634721,0.004188790204786391,Non permeable
449.6427760853654,12.528671502516096,ferromagnetique
24590.97945634721,0.004188790204786391,Non permeable
3707.2296401837048,0.18430676901060122,paramagnetique
3073.872432043401,0.26808257310632905,paramagnetique
2651.7135105667016,0.3602359576116297,paramagnetique
2621.407217989662,0.36861353802120245,paramagnetique
29433.010255638696,0.0029239564493476083,diamagnetique
24590.97945634721,0.004188790204786391,Non permeable
462.09280082656346,11.862653859955062,ferromagnetique
4918.195891269442,0.10471975511965981,paramagnetique
30474.416512269556,0.002727529555176919,diamagnetique
412.90033264412506,14.857638856377328,ferromagnetique
588.5098109695222,7.313627697557039,ferromagnetique
3286.107854673134,0.23457225146803795,paramagnetique
747.5877847813209,4.532271001578875,ferromagnetique
29152.461502847178,0.002980504639862157,diamagnetique
2459.097945634721,0.41887902047863923,paramagnetique
3707.2296401837048,0.18430676901060122,paramagnetique
25611.105504455565,0.0038617451773273054,diamagnetique
358.9254754639816,19.66218122126732,ferromagnetique
28100.65089310952,0.0032078016333346266,diamagnetique
594.846342532586,7.1586424599799425,ferromagnetique
358.46756482616865,19.71244670372476,ferromagnetique
3098.1721969996684,0.2638937829015427,paramagnetique
3098.1721969996684,0.2638937829015427,paramagnetique
24590.97945634721,0.004188790204786391,Non permeable
29935.429721461147,0.0028266319897968625,diamagnetique
358.04934935651204,19.758523395977413,ferromagnetique
25126.205478016276,0.004012235804792159,diamagnetique
365.24389665266557,18.98778599829671,ferromagnetique
26886.144420963745,0.003504154199830744,diamagnetique
424.1715837574092,14.078523878287061,ferromagnetique
26815.340237470697,0.0035226836186184364,diamagnetique
24590.97945634721,0.004188790204786391,Non permeable
4918.195891269442,0.10471975511965981,paramagnetique
27463.272853278006,0.0033584251987588626,diamagnetique
24590.97945634721,0.004188790204786391,Non permeable
24590.97945634721,0.004188790204786391,Non permeable
374.44332919073895,18.066252153243706,ferromagnetique
24590.97945634721,0.004188790204786391,Non permeable
24590.97945634721,0.004188790204786391,Non permeable
29805.414973522897,0.0028513459817766044,diamagnetique
452.6032315066037,12.365308684529428,ferromagnetique
24918.985587874544,0.004079242704163018,diamagnetique
10039.225323885723,0.02513274122871835,paramagnetique
360.54209168397773,19.486252032666293,ferromagnetique
1886.042028448325,0.7120943348136866,ferromagnetique
24590.97945634721,0.004188790204786391,Non permeable
462.82881318706774,11.824954748111985,ferromagnetique
636.8497831457196,6.245486195336509,ferromagnetique
622.8059735641414,6.530323929261984,ferromagnetique
2699.210662447629,0.34766958699727046,paramagnetique
24590.97945634721,0.004188790204786391,Non permeable
3549.402152189654,0.2010619298297468,paramagnetique
27012.62443974792,0.0034714163302278244,diamagnetique
419.8834596825788,14.367550402417322,ferromagnetique
3174.6817967120487,0.25132741228718347,paramagnetique
24590.97945634721,0.004188790204786391,Non permeable
3346.408441295241,0.22619467105846514,paramagnetique
2732.331050705245,0.3392920065876977,paramagnetique
645.5681872359548,6.077934587145053,ferromagnetique
456.4856429128504,12.155869174290107,ferromagnetique
2878.156446247356,0.3057816849494066,paramagnetique
24590.97945634721,0.004188790204786391,Non permeable
5964.188572700794,0.07120943348136866,paramagnetique
587.6689621174999,7.3345716485809715,ferromagnetique
2749.355084884659,0.33510321638291135,paramagnetique
24590.97945634721,0.004188790204786391,Non permeable
453.6031209077013,12.310854411867206,ferromagnetique
699.7490994088339,5.173155902911193,ferromagnetique
30551.764605711673,0.002713736430126098,diamagnetique
1294.2620766498533,1.5121532639278874,ferromagnetique
27324.101740992744,0.0033927235686842137,diamagnetique
9294.516590999003,0.029321531433504744,paramagnetique
24590.97945634721,0.004188790204786391,Non permeable
24590.97945634721,0.004188790204786391,Non permeable
2509.8063309714307,0.4021238596594936,paramagnetique
5796.14944320073,0.07539822368615505,paramagnetique
629.7104568169278,6.3879050622992475,ferromagnetique
2802.402194552442,0.3225368457685521,paramagnetique
24590.97945634721,0.004188790204786391,Non permeable
25301.972162771668,0.003956685360424812,diamagnetique
389.7442693410288,16.675573805254622,ferromagnetique
24590.97945634721,0.004188790204786391,Non permeable
